[
  {
    "JobTitle": {
      "JobTitle": "Mascot",
      "Salary": 99821
    },
    "Id": 0,
    "FirstName": "Yasmine",
    "LastName": "Baxter",
    "HairColor": "Black",
    "EyeColor": "Brown",
    "Age": 58,
    "Weight": 39.8,
    "Height": 174,
    "Sex": "F",
    "ImageUrl": null
  },
  {
    "JobTitle": {
      "JobTitle": "Front End Web Developer",
      "Salary": 66408
    },
    "Id": 1,
    "FirstName": "Lyla",
    "LastName": "Humphrey",
    "HairColor": "Black",
    "EyeColor": "Brown",
    "Age": 36,
    "Weight": 64.8,
    "Height": 147,
    "Sex": "F",
    "ImageUrl": null
  },
  {
    "JobTitle": {
      "JobTitle": "Business Development Manager",
      "Salary": 71456
    },
    "Id": 2,
    "FirstName": "Samara",
    "LastName": "Humphrey",
    "HairColor": "Black",
    "EyeColor": "Brown",
    "Age": 34,
    "Weight": 37,
    "Height": 145,
    "Sex": "F",
    "ImageUrl": null
  },
  {
    "JobTitle": {
      "JobTitle": "Skin Care Specialist",
      "Salary": 20545
    },
    "Id": 3,
    "FirstName": "Chaya",
    "LastName": "Mcclure",
    "HairColor": "Black",
    "EyeColor": "Brown",
    "Age": 59,
    "Weight": 32.4,
    "Height": 167,
    "Sex": "F",
    "ImageUrl": null
  },
  {
    "JobTitle": {
      "JobTitle": "Vice Principal",
      "Salary": 72901
    },
    "Id": 4,
    "FirstName": "Ophelia",
    "LastName": "Nathan",
    "HairColor": "Black",
    "EyeColor": "Brown",
    "Age": 50,
    "Weight": 106,
    "Height": 172,
    "Sex": "F",
    "ImageUrl": null
  },
  {
    "JobTitle": {
      "JobTitle": "Teacher",
      "Salary": 91588
    },
    "Id": 5,
    "FirstName": "Soham",
    "LastName": "Fitzgerald",
    "HairColor": "Black",
    "EyeColor": "Grey",
    "Age": 48,
    "Weight": 131.6,
    "Height": 177,
    "Sex": "M",
    "ImageUrl": null
  },
  {
    "JobTitle": {
      "JobTitle": "Service Advisor",
      "Salary": 72532
    },
    "Id": 6,
    "FirstName": "Anastasia",
    "LastName": "Fitzgerald",
    "HairColor": "Black",
    "EyeColor": "Brown",
    "Age": 44,
    "Weight": 99.8,
    "Height": 147,
    "Sex": "F",
    "ImageUrl": null
  },
  {
    "JobTitle": {
      "JobTitle": "Janitor",
      "Salary": 61437
    },
    "Id": 7,
    "FirstName": "Cataleya",
    "LastName": "Mcintyre",
    "HairColor": "Blond",
    "EyeColor": "Blue",
    "Age": 52,
    "Weight": 56.8,
    "Height": 172,
    "Sex": "F",
    "ImageUrl": null
  },
  {
    "JobTitle": {
      "JobTitle": "Office Clerk",
      "Salary": 41332
    },
    "Id": 8,
    "FirstName": "Andi",
    "LastName": "Wells",
    "HairColor": "Brown",
    "EyeColor": "Amber",
    "Age": 42,
    "Weight": 27.6,
    "Height": 148,
    "Sex": "F",
    "ImageUrl": null
  },
  {
    "JobTitle": {
      "JobTitle": "Writer",
      "Salary": 63392
    },
    "Id": 9,
    "FirstName": "Genevieve",
    "LastName": "Cruz",
    "HairColor": "Leverpostej",
    "EyeColor": "Brown",
    "Age": 46,
    "Weight": 102.5,
    "Height": 164,
    "Sex": "F",
    "ImageUrl": null
  },
  {
    "JobTitle": {
      "JobTitle": "Casino Host",
      "Salary": 35445
    },
    "Id": 10,
    "FirstName": "Lester",
    "LastName": "Cruz",
    "HairColor": "White",
    "EyeColor": "Amber",
    "Age": 39,
    "Weight": 126.2,
    "Height": 179,
    "Sex": "M",
    "ImageUrl": null
  },
  {
    "JobTitle": {
      "JobTitle": "Nurse",
      "Salary": 36813
    },
    "Id": 11,
    "FirstName": "Zahra",
    "LastName": "Salt",
    "HairColor": "Brown",
    "EyeColor": "Grey",
    "Age": 32,
    "Weight": 124.2,
    "Height": 174,
    "Sex": "F",
    "ImageUrl": null
  },
  {
    "JobTitle": {
      "JobTitle": "Web Administrator",
      "Salary": 44759
    },
    "Id": 12,
    "FirstName": "Zavier",
    "LastName": "Huffman",
    "HairColor": "Black",
    "EyeColor": "Brown",
    "Age": 59,
    "Weight": 54.4,
    "Height": 166,
    "Sex": "M",
    "ImageUrl": null
  },
  {
    "JobTitle": {
      "JobTitle": "Science Teacher",
      "Salary": 55346
    },
    "Id": 13,
    "FirstName": "Arley",
    "LastName": "Vaughn",
    "HairColor": "Black",
    "EyeColor": "Brown",
    "Age": 33,
    "Weight": 55.4,
    "Height": 171,
    "Sex": "M",
    "ImageUrl": null
  },
  {
    "JobTitle": {
      "JobTitle": "Call Center Agent",
      "Salary": 20308
    },
    "Id": 14,
    "FirstName": "Isiah",
    "LastName": "Esparza",
    "HairColor": "Brown",
    "EyeColor": "Brown",
    "Age": 44,
    "Weight": 81.8,
    "Height": 172,
    "Sex": "M",
    "ImageUrl": null
  },
  {
    "JobTitle": null,
    "Id": 15,
    "FirstName": "Jaime",
    "LastName": "Elena",
    "HairColor": "Black",
    "EyeColor": "Green",
    "Age": 0,
    "Weight": 68,
    "Height": 187,
    "Sex": "M",
    "ImageUrl": null
  },
  {
    "JobTitle": null,
    "Id": 16,
    "FirstName": "Mr",
    "LastName": "Burns",
    "HairColor": "White",
    "EyeColor": "Black",
    "Age": 0,
    "Weight": 169,
    "Height": 10,
    "Sex": "Male",
    "ImageUrl": "https://static.wikia.nocookie.net/villains/images/3/35/Buns.png/revision/latest?cb=20200706140414"
  },
  {
    "JobTitle": null,
    "Id": 17,
    "FirstName": "Bart",
    "LastName": "Simpson",
    "HairColor": "Blonde",
    "EyeColor": "Black",
    "Age": 0,
    "Weight": 50,
    "Height": 160,
    "Sex": "M",
    "ImageUrl": "https://i.pinimg.com/originals/98/b3/71/98b371cd43ead599d22bb40590df8287.jpg"
  },
  {
    "JobTitle": null,
    "Id": 18,
    "FirstName": "Lisa",
    "LastName": "Simpson",
    "HairColor": "Blonde",
    "EyeColor": "blue",
    "Age": 0,
    "Weight": 30,
    "Height": 140,
    "Sex": "F",
    "ImageUrl": "https://www.whatspaper.com/wp-content/uploads/2021/05/lisa-simpson-wallpaper-whatspaper-2.jpg"
  }
]